{"stats":{"minecraft:picked_up":{"croptopia:persimmon":1,"minecraft:oak_sapling":1},"minecraft:mined":{"minecraft:grass":1,"minecraft:birch_leaves":18,"minecraft:oak_leaves":4,"croptopia:persimmon_crop":1},"minecraft:custom":{"minecraft:jump":40,"minecraft:time_since_rest":5667,"minecraft:damage_dealt":89,"minecraft:crouch_one_cm":268,"minecraft:sprint_one_cm":6517,"minecraft:play_time":5667,"minecraft:walk_on_water_one_cm":1874,"minecraft:time_since_death":5667,"minecraft:walk_one_cm":14749,"minecraft:sneak_time":44,"minecraft:total_world_time":5667,"minecraft:walk_under_water_one_cm":1236,"minecraft:fall_one_cm":1283,"minecraft:fly_one_cm":2428}},"DataVersion":3465}