{"stats":{"minecraft:picked_up":{"minecraft:stripped_oak_log":2,"minecraft:birch_log":7,"minecraft:stick":3,"minecraft:oak_log":12,"farmersdelight:cutting_board":2,"minecraft:dirt":9,"minecraft:stone_sword":2,"croptopia:persimmon":5,"farmersdelight:tree_bark":2,"minecraft:stone_pickaxe":1,"minecraft:oak_sapling":4,"minecraft:cobblestone":34},"minecraft:mined":{"minecraft:birch_log":7,"minecraft:birch_leaves":18,"croptopia:persimmon_crop":1,"minecraft:grass":2,"minecraft:grass_block":3,"minecraft:oak_log":12,"minecraft:dirt":6,"minecraft:stone":35,"minecraft:oak_leaves":17},"minecraft:crafted":{"minecraft:wooden_sword":1,"minecraft:oak_planks":36,"minecraft:crafting_table":1,"minecraft:stick":12,"minecraft:wooden_pickaxe":1,"minecraft:stone_pickaxe":1,"minecraft:wooden_axe":1,"minecraft:stone_sword":2,"minecraft:stone_axe":1},"minecraft:dropped":{"croptopia:persimmon":1,"farmersdelight:cutting_board":2,"minecraft:stone_sword":3,"minecraft:stone_pickaxe":1},"minecraft:custom":{"minecraft:time_since_rest":17667,"minecraft:sprint_one_cm":16093,"minecraft:damage_taken":335,"minecraft:walk_one_cm":36610,"minecraft:drop":7,"minecraft:damage_dealt":89,"minecraft:interact_with_crafting_table":3,"minecraft:fly_one_cm":6921,"minecraft:crouch_one_cm":492,"minecraft:play_time":17667,"minecraft:sneak_time":85,"minecraft:walk_under_water_one_cm":1236,"minecraft:jump":114,"minecraft:walk_on_water_one_cm":1874,"minecraft:time_since_death":17667,"minecraft:total_world_time":17667,"minecraft:fall_one_cm":5184},"minecraft:used":{"minecraft:wooden_axe":10,"minecraft:stone_pickaxe":1,"minecraft:wooden_pickaxe":39,"minecraft:dirt":9,"minecraft:crafting_table":1}},"DataVersion":3465}