{"stats":{"minecraft:picked_up":{"minecraft:stripped_oak_log":9,"minecraft:birch_log":5,"minecraft:raw_iron":2,"minecraft:crafting_table":1,"minecraft:oak_log":19,"minecraft:diorite":1,"farmersdelight:cutting_board":1,"minecraft:stone_sword":1,"minecraft:rotten_flesh":1,"croptopia:persimmon":5,"farmersdelight:tree_bark":9,"minecraft:oak_sapling":3,"minecraft:birch_sapling":1,"minecraft:coal":16,"minecraft:cobblestone":21},"minecraft:mined":{"minecraft:iron_ore":2,"minecraft:birch_log":5,"farmersdelight:cutting_board":1,"minecraft:crafting_table":1,"minecraft:oak_log":19,"minecraft:coal_ore":16,"minecraft:stone":21,"minecraft:diorite":1,"minecraft:oak_leaves":10},"minecraft:crafted":{"farmersdelight:cutting_board":1,"minecraft:oak_planks":28,"minecraft:paper":3,"minecraft:crafting_table":1,"minecraft:stick":12,"minecraft:wooden_pickaxe":1,"minecraft:stone_pickaxe":1,"realistictorches:unlit_torch":12,"minecraft:stone_sword":1,"minecraft:birch_slab":6,"minecraft:birch_planks":20,"minecraft:stone_axe":1,"realistictorches:matchbox":1,"realistictorches:lit_torch":12},"minecraft:killed":{"minecraft:zombie":1},"minecraft:custom":{"minecraft:time_since_rest":17660,"minecraft:sprint_one_cm":14078,"minecraft:damage_taken":36,"minecraft:walk_one_cm":33052,"minecraft:mob_kills":1,"minecraft:damage_dealt":298,"minecraft:interact_with_crafting_table":6,"minecraft:fly_one_cm":6813,"tombstone:undead_killed":1,"minecraft:crouch_one_cm":10962,"minecraft:play_time":17660,"minecraft:sneak_time":3364,"minecraft:jump":134,"minecraft:time_since_death":17660,"minecraft:total_world_time":17660,"minecraft:fall_one_cm":3565},"minecraft:used":{"minecraft:oak_log":1,"minecraft:stone_sword":6,"realistictorches:lit_torch":4,"minecraft:birch_sapling":1,"minecraft:stone_pickaxe":25,"minecraft:wooden_pickaxe":16,"minecraft:stone_axe":19,"croptopia:persimmon":1,"farmersdelight:cutting_board":2,"minecraft:crafting_table":2}},"DataVersion":3465}