{"stats":{"minecraft:dropped":{"croptopia:spinach_seed":1,"croptopia:spinach":1},"minecraft:used":{"minecraft:dirt":1},"minecraft:custom":{"minecraft:jump":5,"minecraft:time_since_rest":601,"minecraft:leave_game":2,"minecraft:play_time":601,"minecraft:time_since_death":601,"minecraft:walk_one_cm":3583,"minecraft:total_world_time":601,"minecraft:drop":2},"minecraft:picked_up":{"croptopia:spinach":1,"minecraft:dirt":1,"croptopia:spinach_seed":1},"minecraft:mined":{"croptopia:spinach_crop":1,"minecraft:grass_block":1}},"DataVersion":3465}